marketgroup,year,quarter,price,se,n,division,region,aggweight,totexp
1,2004,1,,,,1,1,1050612,
1,2004,2,,,,1,1,1050612,
1,2004,3,,,,1,1,1050612,
1,2004,4,0.1715651,0.0091527,63,1,1,1050612,"$704,158"
1,2005,1,0.1625704,0.0146409,31,1,1,1077312,"$383,144"
1,2005,2,,,,1,1,1077312,
1,2005,3,,,,1,1,1077312,
1,2005,4,0.1955938,0.0087358,55,1,1,1077312,"$805,453"
1,2006,1,,,,1,1,1220140,
1,2006,2,,,,1,1,1220140,
1,2006,3,,,,1,1,1220140,
1,2006,4,0.1949487,0.0113411,51,1,1,1220140,"$853,861"
1,2007,1,0.2304069,0.0143522,51,1,1,1291963,"$407,476"
1,2007,2,0.2378909,0.0137014,48,1,1,1291963,"$299,245"
1,2007,3,0.2200943,0.022478,38,1,1,1291963,"$256,460"
1,2007,4,0.2180025,0.0075311,154,1,1,1291963,"$970,255"
1,2008,1,0.2452741,0.0143048,56,1,1,1284004,"$318,148"
1,2008,2,0.2054703,0.0157737,39,1,1,1284004,"$220,255"
1,2008,3,0.2736769,0.0151152,52,1,1,1284004,"$225,316"
1,2008,4,0.2500056,0.0109032,146,1,1,1284004,"$1,021,502"
1,2009,1,0.2107686,0.0121557,75,1,1,1282035,"$565,395"
1,2009,2,0.2338141,0.0151836,49,1,1,1282035,"$414,402"
1,2009,3,0.2269378,0.0170592,53,1,1,1282035,"$329,438"
1,2009,4,0.2499963,0.0084724,160,1,1,1282035,"$1,419,259"
1,2010,1,0.2007584,0.0112658,65,1,1,1274081,"$605,616"
1,2010,2,0.2532443,0.0255533,39,1,1,1274081,"$285,371"
1,2010,3,0.2032415,0.0174125,41,1,1,1274081,"$310,865"
1,2010,4,0.2727271,0.0121275,154,1,1,1274081,"$1,216,369"
2,2004,1,0.1737958,0.0150356,43,2,1,3236766,"$629,893"
2,2004,2,0.1698607,0.0107907,43,2,1,3236766,"$552,394"
2,2004,3,0.1863913,0.011231,36,2,1,3236766,"$491,232"
2,2004,4,0.1630152,0.0074758,115,2,1,3236766,"$2,066,937"
2,2005,1,0.1978731,0.0166347,38,2,1,3237397,"$468,895"
2,2005,2,0.226704,0.016703,41,2,1,3237397,"$428,387"
2,2005,3,0.20603,0.0196617,33,2,1,3237397,"$398,228"
2,2005,4,0.1814409,0.0084078,123,2,1,3237397,"$2,031,557"
2,2006,1,0.2230621,0.0152271,41,2,1,3296844,"$608,470"
2,2006,2,0.2226531,0.0213154,39,2,1,3296844,"$463,175"
2,2006,3,0.2305019,0.0199681,39,2,1,3296844,"$584,674"
2,2006,4,0.1780665,0.0103463,107,2,1,3296844,"$2,100,910"
2,2007,1,0.217682,0.0158173,57,2,1,3221153,"$733,810"
2,2007,2,0.2341527,0.0174257,42,2,1,3221153,"$310,262"
2,2007,3,0.2425583,0.0217306,43,2,1,3221153,"$488,005"
2,2007,4,0.2034215,0.0094107,152,2,1,3221153,"$2,303,849"
2,2008,1,0.2400856,0.0190949,59,2,1,3267887,"$753,807"
2,2008,2,0.2476286,0.028967,31,2,1,3267887,"$398,976"
2,2008,3,0.2465737,0.0144161,42,2,1,3267887,"$349,241"
2,2008,4,0.2739854,0.015837,121,2,1,3267887,"$1,891,398"
2,2009,1,0.2644924,0.0274194,51,2,1,3217708,"$894,966"
2,2009,2,0.2275877,0.0136581,43,2,1,3217708,"$797,785"
2,2009,3,0.2982318,0.0271233,34,2,1,3217708,"$556,010"
2,2009,4,0.2224714,0.0115677,141,2,1,3217708,"$2,637,886"
2,2010,1,0.254661,0.0163401,53,2,1,3144836,"$1,072,187"
2,2010,2,0.2448521,0.0195565,37,2,1,3144836,"$889,409"
2,2010,3,0.2632242,0.0153782,39,2,1,3144836,"$757,291"
2,2010,4,0.258944,0.0117938,136,2,1,3144836,"$3,139,197"
3,2004,1,0.1619252,0.0069024,235,2,1,4401824,"$1,040,943"
3,2004,2,0.1656242,0.0072452,227,2,1,4401824,"$1,071,516"
3,2004,3,0.1631804,0.0075828,183,2,1,4401824,"$935,605"
3,2004,4,0.1707867,0.003082,770,2,1,4401824,"$4,799,980"
3,2005,1,0.1598783,0.0056292,258,2,1,4484890,"$1,334,748"
3,2005,2,0.1558377,0.0086108,160,2,1,4484890,"$707,109"
3,2005,3,0.1684747,0.01068,183,2,1,4484890,"$854,184"
3,2005,4,0.1789662,0.0035659,695,2,1,4484890,"$5,515,846"
3,2006,1,0.1666964,0.0075799,218,2,1,4350804,"$1,100,650"
3,2006,2,0.1658661,0.0083477,199,2,1,4350804,"$1,011,916"
3,2006,3,0.1800239,0.0102401,171,2,1,4350804,"$744,418"
3,2006,4,0.1902106,0.0047899,681,2,1,4350804,"$4,924,757"
3,2007,1,0.1617726,0.0049238,465,2,1,4363105,"$1,317,848"
3,2007,2,0.1692813,0.004656,403,2,1,4363105,"$1,123,771"
3,2007,3,0.1825772,0.0059828,364,2,1,4363105,"$1,242,861"
3,2007,4,0.1989811,0.00257,1314,2,1,4363105,"$5,032,785"
3,2008,1,0.1756303,0.0042452,522,2,1,4352196,"$1,423,729"
3,2008,2,0.1781642,0.0069802,344,2,1,4352196,"$900,272"
3,2008,3,0.2057495,0.0069931,375,2,1,4352196,"$972,198"
3,2008,4,0.2181157,0.0024941,1286,2,1,4352196,"$5,875,814"
3,2009,1,0.1979256,0.0057062,387,2,1,4324109,"$1,448,296"
3,2009,2,0.1984028,0.0057844,355,2,1,4324109,"$1,192,238"
3,2009,3,0.2077871,0.0058182,311,2,1,4324109,"$967,211"
3,2009,4,0.2448917,0.0031358,1129,2,1,4324109,"$5,732,997"
3,2010,1,0.1874419,0.0061586,321,2,1,4309950,"$1,220,917"
3,2010,2,0.2002072,0.0081075,286,2,1,4309950,"$1,196,148"
3,2010,3,0.2310047,0.0093209,270,2,1,4309950,"$1,181,193"
3,2010,4,0.2762805,0.0041932,1170,2,1,4309950,"$7,131,802"
4,2004,1,0.1461264,0.0060486,138,2,1,3374038,"$840,188"
4,2004,2,0.163221,0.0077118,86,2,1,3374038,"$481,655"
4,2004,3,0.1675774,0.0055448,98,2,1,3374038,"$626,838"
4,2004,4,0.1631267,0.0033696,362,2,1,3374038,"$2,907,796"
4,2005,1,0.1562668,0.0072293,120,2,1,3440965,"$678,655"
4,2005,2,0.1616465,0.007153,103,2,1,3440965,"$603,794"
4,2005,3,0.1758417,0.0068286,112,2,1,3440965,"$696,281"
4,2005,4,0.1696493,0.0034436,393,2,1,3440965,"$2,890,379"
4,2006,1,0.1703751,0.0092496,131,2,1,3464067,"$858,523"
4,2006,2,0.1680885,0.0094149,100,2,1,3464067,"$657,911"
4,2006,3,0.178414,0.0095938,102,2,1,3464067,"$701,787"
4,2006,4,0.1767454,0.0036042,384,2,1,3464067,"$3,324,980"
4,2007,1,0.1663665,0.0064222,201,2,1,3499158,"$975,756"
4,2007,2,0.177187,0.0073994,147,2,1,3499158,"$813,058"
4,2007,3,0.1861746,0.0071208,172,2,1,3499158,"$882,826"
4,2007,4,0.181641,0.0036124,508,2,1,3499158,"$2,704,103"
4,2008,1,0.1674051,0.0060395,215,2,1,3505935,"$1,261,320"
4,2008,2,0.188168,0.0092262,135,2,1,3505935,"$975,404"
4,2008,3,0.2187749,0.0105816,154,2,1,3505935,"$756,958"
4,2008,4,0.2148417,0.0039027,522,2,1,3505935,"$3,302,386"
4,2009,1,0.2113126,0.0083436,183,2,1,3501037,"$904,160"
4,2009,2,0.2130452,0.0076727,161,2,1,3501037,"$855,024"
4,2009,3,0.2097785,0.007425,140,2,1,3501037,"$971,001"
4,2009,4,0.2421058,0.0044384,538,2,1,3501037,"$3,811,416"
4,2010,1,0.2193183,0.009053,169,2,1,3505825,"$986,607"
4,2010,2,0.2196034,0.0107539,118,2,1,3505825,"$694,649"
4,2010,3,0.2452087,0.0116958,129,2,1,3505825,"$723,647"
4,2010,4,0.2592292,0.0048816,542,2,1,3505825,"$3,880,337"
5,2004,1,0.1556002,0.0063226,153,3,2,5418986,"$1,173,126"
5,2004,2,0.1555147,0.0063773,147,3,2,5418986,"$1,128,926"
5,2004,3,0.1677641,0.0056372,155,3,2,5418986,"$1,258,701"
5,2004,4,0.1741733,0.0029365,530,3,2,5418986,"$5,161,190"
5,2005,1,0.1629457,0.0056402,183,3,2,5635860,"$1,474,610"
5,2005,2,0.1677876,0.0064118,142,3,2,5635860,"$1,001,294"
5,2005,3,0.1584767,0.0084853,113,3,2,5635860,"$770,833"
5,2005,4,0.1796136,0.0031572,595,3,2,5635860,"$5,971,176"
5,2006,1,0.1668727,0.0073187,153,3,2,5889043,"$1,186,141"
5,2006,2,0.1634573,0.0084771,145,3,2,5889043,"$881,601"
5,2006,3,0.180872,0.0082507,165,3,2,5889043,"$1,082,241"
5,2006,4,0.1847238,0.0030858,571,3,2,5889043,"$6,308,831"
5,2007,1,0.1732139,0.0043486,470,3,2,5922812,"$1,593,206"
5,2007,2,0.1689566,0.0045894,367,3,2,5922812,"$1,660,948"
5,2007,3,0.1853712,0.0053861,366,3,2,5922812,"$1,249,816"
5,2007,4,0.1976933,0.002771,1290,3,2,5922812,"$5,853,410"
5,2008,1,0.1798916,0.0046756,432,3,2,5936894,"$1,657,772"
5,2008,2,0.1790657,0.0065973,277,3,2,5936894,"$1,320,745"
5,2008,3,0.1920077,0.0061669,330,3,2,5936894,"$1,555,652"
5,2008,4,0.2210143,0.0030808,1185,3,2,5936894,"$6,705,751"
5,2009,1,0.2127517,0.00637,343,3,2,5949169,"$1,552,375"
5,2009,2,0.2142925,0.0062081,325,3,2,5949169,"$1,514,176"
5,2009,3,0.2081892,0.0057811,278,3,2,5949169,"$1,249,826"
5,2009,4,0.248481,0.0037035,1068,3,2,5949169,"$6,359,787"
5,2010,1,0.2076919,0.0056551,320,3,2,5891526,"$1,435,186"
5,2010,2,0.1999173,0.0055547,268,3,2,5891526,"$1,452,476"
5,2010,3,0.2167392,0.0072594,297,3,2,5891526,"$1,209,296"
5,2010,4,0.2620849,0.0040528,1125,3,2,5891526,"$7,303,519"
6,2004,1,0.1466113,0.0041723,373,4,2,4965387,"$1,126,717"
6,2004,2,0.1589782,0.0047684,301,4,2,4965387,"$802,875"
6,2004,3,0.1607779,0.005271,268,4,2,4965387,"$805,337"
6,2004,4,0.1635563,0.0023887,1159,4,2,4965387,"$4,233,897"
6,2005,1,0.1574998,0.0047658,337,4,2,5008521,"$1,176,132"
6,2005,2,0.1490252,0.0063591,250,4,2,5008521,"$823,538"
6,2005,3,0.1674991,0.0088362,266,4,2,5008521,"$869,354"
6,2005,4,0.1790295,0.0027591,1165,4,2,5008521,"$4,785,817"
6,2006,1,0.1614385,0.005764,309,4,2,4960659,"$921,569"
6,2006,2,0.1699252,0.0074858,240,4,2,4960659,"$890,412"
6,2006,3,0.1675233,0.0060898,282,4,2,4960659,"$922,820"
6,2006,4,0.1790699,0.0027444,1145,4,2,4960659,"$5,328,826"
6,2007,1,0.1585505,0.0039314,477,4,2,5181959,"$1,270,187"
6,2007,2,0.1663851,0.0051207,374,4,2,5181959,"$983,366"
6,2007,3,0.1787365,0.0051232,423,4,2,5181959,"$1,031,513"
6,2007,4,0.191403,0.0019886,1600,4,2,5181959,"$5,260,680"
6,2008,1,0.1708273,0.0041087,504,4,2,5261345,"$1,593,058"
6,2008,2,0.1800086,0.0059951,386,4,2,5261345,"$1,319,530"
6,2008,3,0.1930255,0.0062375,413,4,2,5261345,"$1,181,909"
6,2008,4,0.209322,0.0023544,1536,4,2,5261345,"$5,294,768"
6,2009,1,0.2025798,0.0057485,469,4,2,5290628,"$1,580,954"
6,2009,2,0.2004871,0.0053784,391,4,2,5290628,"$1,302,254"
6,2009,3,0.2201676,0.0074636,347,4,2,5290628,"$1,280,478"
6,2009,4,0.2396522,0.0029694,1386,4,2,5290628,"$5,937,428"
6,2010,1,0.2163593,0.0054416,360,4,2,5294133,"$1,728,709"
6,2010,2,0.207648,0.00637,289,4,2,5294133,"$1,131,936"
6,2010,3,0.2029678,0.0057391,284,4,2,5294133,"$1,094,566"
6,2010,4,0.2613803,0.0037388,1269,4,2,5294133,"$6,570,604"
7,2004,1,0.1579729,0.0088665,52,5,3,2483849,"$722,685"
7,2004,2,0.1539607,0.0089121,50,5,3,2483849,"$841,126"
7,2004,3,0.1637608,0.007754,43,5,3,2483849,"$628,486"
7,2004,4,0.1741664,0.0054993,122,5,3,2483849,"$2,360,428"
7,2005,1,0.16456,0.0073931,59,5,3,2388648,"$743,049"
7,2005,2,0.1908069,0.0106951,51,5,3,2388648,"$633,681"
7,2005,3,0.2070904,0.010605,42,5,3,2388648,"$600,676"
7,2005,4,0.1987903,0.006497,133,5,3,2388648,"$2,243,788"
7,2006,1,0.1969167,0.0145318,38,5,3,2523582,"$612,536"
7,2006,2,0.1843519,0.0121891,47,5,3,2523582,"$1,228,396"
7,2006,3,0.2031441,0.0134159,40,5,3,2523582,"$686,684"
7,2006,4,0.1871803,0.0071842,127,5,3,2523582,"$2,704,752"
7,2007,1,0.1763337,0.0074286,139,5,3,2256147,"$703,501"
7,2007,2,0.1869147,0.0071337,123,5,3,2256147,"$632,579"
7,2007,3,0.192242,0.0088167,119,5,3,2256147,"$492,178"
7,2007,4,0.205786,0.0041601,366,5,3,2256147,"$2,374,297"
7,2008,1,0.1800118,0.0068385,150,5,3,2318834,"$638,645"
7,2008,2,0.1884705,0.0087236,129,5,3,2318834,"$565,794"
7,2008,3,0.2230192,0.010815,134,5,3,2318834,"$868,889"
7,2008,4,0.2390699,0.0055646,363,5,3,2318834,"$2,457,359"
7,2009,1,0.2017843,0.0068105,151,5,3,2365045,"$991,146"
7,2009,2,0.1985952,0.0076927,114,5,3,2365045,"$518,409"
7,2009,3,0.2251894,0.009733,110,5,3,2365045,"$779,266"
7,2009,4,0.2591553,0.0060135,380,5,3,2365045,"$2,791,227"
7,2010,1,0.2345101,0.0129017,116,5,3,2355997,"$557,412"
7,2010,2,0.1952142,0.0087592,103,5,3,2355997,"$566,280"
7,2010,3,0.2267301,0.0136693,117,5,3,2355997,"$762,652"
7,2010,4,0.2614954,0.0072734,347,5,3,2355997,"$2,962,169"
8,2004,1,0.1588309,0.0053966,229,5,3,3983504,"$1,186,051"
8,2004,2,0.162188,0.0053531,213,5,3,3983504,"$1,128,084"
8,2004,3,0.1733504,0.0069085,187,5,3,3983504,"$1,069,108"
8,2004,4,0.1710415,0.0030109,541,5,3,3983504,"$3,972,562"
8,2005,1,0.1555735,0.0065917,211,5,3,4117775,"$1,129,960"
8,2005,2,0.1626698,0.0079575,163,5,3,4117775,"$718,580"
8,2005,3,0.1669222,0.0072355,179,5,3,4117775,"$893,068"
8,2005,4,0.1690577,0.0044412,485,5,3,4117775,"$3,152,373"
8,2006,1,0.1811466,0.0108927,188,5,3,3980952,"$814,226"
8,2006,2,0.1723867,0.0095195,164,5,3,3980952,"$679,725"
8,2006,3,0.1668527,0.0098369,155,5,3,3980952,"$764,713"
8,2006,4,0.1753804,0.0036557,476,5,3,3980952,"$2,969,634"
8,2007,1,0.1807824,0.0051688,316,5,3,4290907,"$1,011,996"
8,2007,2,0.1777223,0.0055616,268,5,3,4290907,"$989,020"
8,2007,3,0.1823224,0.0058783,272,5,3,4290907,"$937,425"
8,2007,4,0.1915717,0.0029655,813,5,3,4290907,"$4,091,519"
8,2008,1,0.178883,0.0057321,339,5,3,4401079,"$1,333,628"
8,2008,2,0.1983507,0.0058558,268,5,3,4401079,"$1,157,290"
8,2008,3,0.2090696,0.0069429,281,5,3,4401079,"$1,236,487"
8,2008,4,0.2189487,0.0037751,764,5,3,4401079,"$4,466,079"
8,2009,1,0.2211069,0.0079432,274,5,3,4488998,"$1,579,770"
8,2009,2,0.2056667,0.0067134,243,5,3,4488998,"$1,404,880"
8,2009,3,0.2088014,0.0051806,219,5,3,4488998,"$1,272,762"
8,2009,4,0.2399665,0.0040378,728,5,3,4488998,"$4,571,205"
8,2010,1,0.2190937,0.0067024,251,5,3,4541935,"$1,167,827"
8,2010,2,0.2093628,0.0075374,177,5,3,4541935,"$901,959"
8,2010,3,0.2250023,0.0079871,174,5,3,4541935,"$978,941"
8,2010,4,0.2574452,0.004567,726,5,3,4541935,"$5,117,378"
9,2004,1,0.1810455,0.0122154,39,5,3,1040614,"$283,786"
9,2004,2,0.1675823,0.0117379,34,5,3,1040614,"$267,651"
9,2004,3,0.1759274,0.0093735,34,5,3,1040614,"$238,618"
9,2004,4,0.1716514,0.0081609,133,5,3,1040614,"$1,354,130"
9,2005,1,0.1492501,0.0106539,40,5,3,1106296,"$390,863"
9,2005,2,0.1645349,0.0100587,37,5,3,1106296,"$231,682"
9,2005,3,0.1743345,0.017608,38,5,3,1106296,"$311,500"
9,2005,4,0.178785,0.0074031,121,5,3,1106296,"$987,969"
9,2006,1,0.1636782,0.011379,36,5,3,1089065,"$252,294"
9,2006,2,0.1820677,0.0134655,34,5,3,1089065,"$230,310"
9,2006,3,0.2140137,0.0154404,31,5,3,1089065,"$395,473"
9,2006,4,0.186457,0.0060336,119,5,3,1089065,"$1,614,416"
9,2007,1,0.1734758,0.0086579,59,5,3,1158090,"$383,733"
9,2007,2,0.1762494,0.0142517,47,5,3,1158090,"$442,943"
9,2007,3,0.1951817,0.0105459,46,5,3,1158090,"$375,344"
9,2007,4,0.2021477,0.0073817,174,5,3,1158090,"$1,438,977"
9,2008,1,0.1992428,0.0100031,67,5,3,1157091,"$438,435"
9,2008,2,0.2130663,0.0131703,47,5,3,1157091,"$258,587"
9,2008,3,0.210376,0.0160102,48,5,3,1157091,"$293,179"
9,2008,4,0.2337696,0.0084735,191,5,3,1157091,"$1,422,281"
9,2009,1,0.2173225,0.0163853,57,5,3,1157887,"$397,391"
9,2009,2,0.2305202,0.0170572,40,5,3,1157887,"$274,686"
9,2009,3,0.2213715,0.0128433,31,5,3,1157887,"$228,586"
9,2009,4,0.2357128,0.008761,182,5,3,1157887,"$1,503,965"
9,2010,1,0.2337106,0.0178874,48,5,3,1147058,"$301,234"
9,2010,2,0.23963,0.0228403,40,5,3,1147058,"$282,453"
9,2010,3,0.2288554,0.0183436,35,5,3,1147058,"$288,643"
9,2010,4,0.2713135,0.0104631,181,5,3,1147058,"$1,245,291"
10,2004,1,0.1377648,0.0045311,275,6,3,4332997,"$1,339,608"
10,2004,2,0.139653,0.0046504,241,6,3,4332997,"$1,127,574"
10,2004,3,0.1469834,0.005878,250,6,3,4332997,"$1,217,233"
10,2004,4,0.1508617,0.0027148,611,6,3,4332997,"$3,595,876"
10,2005,1,0.1410788,0.005008,298,6,3,4600670,"$1,530,964"
10,2005,2,0.1476392,0.0059184,221,6,3,4600670,"$1,079,602"
10,2005,3,0.1468247,0.0044089,254,6,3,4600670,"$1,175,988"
10,2005,4,0.1633834,0.0026474,626,6,3,4600670,"$4,128,996"
10,2006,1,0.1592939,0.0049074,268,6,3,4704570,"$1,395,093"
10,2006,2,0.1495579,0.0053105,231,6,3,4704570,"$1,406,365"
10,2006,3,0.1544661,0.0056989,213,6,3,4704570,"$1,196,160"
10,2006,4,0.1661223,0.0030685,598,6,3,4704570,"$4,751,419"
10,2007,1,0.1563864,0.0048732,374,6,3,4530985,"$1,195,536"
10,2007,2,0.156888,0.0047452,308,6,3,4530985,"$1,043,419"
10,2007,3,0.1611709,0.0057902,305,6,3,4530985,"$1,077,568"
10,2007,4,0.1759993,0.0026976,865,6,3,4530985,"$3,631,713"
10,2008,1,0.1696423,0.0057734,409,6,3,4598872,"$1,567,905"
10,2008,2,0.1666277,0.0047923,325,6,3,4598872,"$1,158,172"
10,2008,3,0.1767666,0.0067415,288,6,3,4598872,"$1,189,400"
10,2008,4,0.2110944,0.0035084,828,6,3,4598872,"$3,709,357"
10,2009,1,0.1826269,0.007063,343,6,3,4670909,"$1,597,391"
10,2009,2,0.1880113,0.0059994,283,6,3,4670909,"$1,510,833"
10,2009,3,0.2020256,0.0087689,268,6,3,4670909,"$1,356,666"
10,2009,4,0.2308014,0.0052765,763,6,3,4670909,"$4,916,841"
10,2010,1,0.1955556,0.0056725,282,6,3,4682422,"$1,604,143"
10,2010,2,0.19317,0.0068295,207,6,3,4682422,"$1,167,445"
10,2010,3,0.1899197,0.0054541,219,6,3,4682422,"$1,298,874"
10,2010,4,0.2452202,0.0057579,693,6,3,4682422,"$4,622,460"
11,2004,1,0.1558746,0.0055972,124,7,3,2198399,"$725,810"
11,2004,2,0.1471858,0.0058276,96,7,3,2198399,"$377,620"
11,2004,3,0.1633618,0.0081253,99,7,3,2198399,"$365,460"
11,2004,4,0.168892,0.0029806,320,7,3,2198399,"$1,846,778"
11,2005,1,0.1648016,0.0056196,150,7,3,2351413,"$677,194"
11,2005,2,0.1527488,0.0067139,116,7,3,2351413,"$596,431"
11,2005,3,0.1567511,0.0058899,118,7,3,2351413,"$687,087"
11,2005,4,0.1736846,0.0031252,352,7,3,2351413,"$2,361,327"
11,2006,1,0.1713046,0.0113308,115,7,3,2339893,"$575,181"
11,2006,2,0.16392,0.013531,95,7,3,2339893,"$447,802"
11,2006,3,0.1594483,0.0086688,105,7,3,2339893,"$442,941"
11,2006,4,0.1757923,0.0037993,326,7,3,2339893,"$2,246,107"
11,2007,1,0.1662034,0.0060183,224,7,3,2057964,"$635,191"
11,2007,2,0.1577725,0.0058645,165,7,3,2057964,"$497,302"
11,2007,3,0.1613768,0.0069022,169,7,3,2057964,"$464,896"
11,2007,4,0.192042,0.0032981,520,7,3,2057964,"$2,082,586"
11,2008,1,0.1649874,0.0055861,200,7,3,2096012,"$681,072"
11,2008,2,0.1666266,0.0068159,141,7,3,2096012,"$480,368"
11,2008,3,0.1800743,0.0071681,130,7,3,2096012,"$611,471"
11,2008,4,0.2094181,0.0037201,460,7,3,2096012,"$2,327,982"
11,2009,1,0.2043798,0.0106911,147,7,3,2118907,"$825,381"
11,2009,2,0.2003914,0.0100417,120,7,3,2118907,"$673,168"
11,2009,3,0.2085472,0.0103091,121,7,3,2118907,"$413,565"
11,2009,4,0.2361038,0.0055399,407,7,3,2118907,"$2,332,228"
11,2010,1,0.2098843,0.0106501,121,7,3,2120144,"$548,045"
11,2010,2,0.2020752,0.0116652,97,7,3,2120144,"$303,456"
11,2010,3,0.2230957,0.0131604,82,7,3,2120144,"$418,847"
11,2010,4,0.2628303,0.0069355,379,7,3,2120144,"$2,078,404"
12,2004,1,0.1917104,0.0074344,207,8,4,3771976,"$719,875"
12,2004,2,0.188384,0.0060898,217,8,4,3771976,"$710,092"
12,2004,3,0.1945528,0.0078111,175,8,4,3771976,"$637,161"
12,2004,4,0.1837293,0.003238,892,8,4,3771976,"$3,932,850"
12,2005,1,0.1935053,0.0082283,215,8,4,3826948,"$841,746"
12,2005,2,0.2038413,0.0092239,152,8,4,3826948,"$611,496"
12,2005,3,0.1988952,0.0079464,177,8,4,3826948,"$687,382"
12,2005,4,0.1828701,0.0025415,858,8,4,3826948,"$3,914,482"
12,2006,1,0.2053949,0.0098663,191,8,4,3933781,"$705,275"
12,2006,2,0.1893831,0.0075432,177,8,4,3933781,"$657,602"
12,2006,3,0.2137481,0.009655,190,8,4,3933781,"$686,173"
12,2006,4,0.2002122,0.0032378,820,8,4,3933781,"$4,513,594"
12,2007,1,0.2126111,0.0069312,247,8,4,4057731,"$1,002,661"
12,2007,2,0.1969713,0.0078422,236,8,4,4057731,"$775,017"
12,2007,3,0.2232401,0.0082352,231,8,4,4057731,"$917,399"
12,2007,4,0.2171037,0.0032251,1018,8,4,4057731,"$4,906,847"
12,2008,1,0.2201237,0.0093966,288,8,4,4214097,"$1,202,809"
12,2008,2,0.2170663,0.0098497,218,8,4,4214097,"$926,057"
12,2008,3,0.2378574,0.0109554,218,8,4,4214097,"$1,133,241"
12,2008,4,0.2434951,0.0045047,914,8,4,4214097,"$4,998,121"
12,2009,1,0.2220217,0.0100467,217,8,4,4291971,"$1,295,949"
12,2009,2,0.2393829,0.0101129,211,8,4,4291971,"$2,029,377"
12,2009,3,0.2451492,0.0114978,167,8,4,4291971,"$1,198,664"
12,2009,4,0.2660382,0.0051195,853,8,4,4291971,"$5,694,959"
12,2010,1,0.2189981,0.0088968,180,8,4,4332866,"$676,883"
12,2010,2,0.2092641,0.0091222,140,8,4,4332866,"$657,515"
12,2010,3,0.2108773,0.0102184,134,8,4,4332866,"$434,985"
12,2010,4,0.275024,0.0059934,812,8,4,4332866,"$5,249,970"
13,2004,1,,,,8,4,1413839,
13,2004,2,,,,8,4,1413839,
13,2004,3,,,,8,4,1413839,
13,2004,4,0.1485157,0.0064808,113,8,4,1413839,"$1,507,359"
13,2005,1,,,,8,4,1407957,
13,2005,2,,,,8,4,1407957,
13,2005,3,,,,8,4,1407957,
13,2005,4,0.1557738,0.0069521,100,8,4,1407957,"$1,411,890"
13,2006,1,,,,8,4,1289480,
13,2006,2,,,,8,4,1289480,
13,2006,3,,,,8,4,1289480,
13,2006,4,0.1749036,0.0069898,92,8,4,1289480,"$1,664,114"
13,2007,1,0.198952,0.0096321,54,8,4,1300889,"$255,503"
13,2007,2,0.196233,0.0167506,36,8,4,1300889,"$169,475"
13,2007,3,0.190236,0.0126849,41,8,4,1300889,"$206,488"
13,2007,4,0.1839185,0.0049584,216,8,4,1300889,"$1,259,669"
13,2008,1,0.2022523,0.0116035,67,8,4,1356018,"$505,463"
13,2008,2,0.2185282,0.013684,42,8,4,1356018,"$356,989"
13,2008,3,0.2266259,0.020494,38,8,4,1356018,"$296,301"
13,2008,4,0.2252206,0.007397,219,8,4,1356018,"$1,947,767"
13,2009,1,0.2136231,0.0175299,52,8,4,1405920,"$422,270"
13,2009,2,0.2199654,0.0124061,39,8,4,1405920,"$253,754"
13,2009,3,0.2230889,0.013698,40,8,4,1405920,"$297,509"
13,2009,4,0.2408453,0.0059092,184,8,4,1405920,"$2,075,949"
13,2010,1,0.2070842,0.0123647,51,8,4,1435057,"$423,156"
13,2010,2,,,,8,4,1435057,
13,2010,3,,,,8,4,1435057,
13,2010,4,0.2839266,0.0101115,193,8,4,1435057,"$2,132,440"
14,2004,1,0.217444,0.0157134,74,9,4,2168944,"$284,765"
14,2004,2,0.1928959,0.0157812,63,9,4,2168944,"$245,998"
14,2004,3,0.2090917,0.0212552,54,9,4,2168944,"$185,703"
14,2004,4,0.20771,0.0047462,389,9,4,2168944,"$1,811,960"
14,2005,1,0.2072062,0.0144607,88,9,4,2117409,"$314,577"
14,2005,2,0.2083085,0.0227704,50,9,4,2117409,"$160,321"
14,2005,3,0.2307772,0.0169353,68,9,4,2117409,"$321,507"
14,2005,4,0.198794,0.0064573,386,9,4,2117409,"$1,878,637"
14,2006,1,0.2274667,0.0164723,70,9,4,2213982,"$299,328"
14,2006,2,0.2169033,0.0116264,58,9,4,2213982,"$298,937"
14,2006,3,0.2675162,0.0375326,49,9,4,2213982,"$116,304"
14,2006,4,0.222595,0.007823,353,9,4,2213982,"$2,069,866"
14,2007,1,0.2171499,0.020435,92,9,4,2469920,"$275,122"
14,2007,2,0.2407067,0.017152,87,9,4,2469920,"$340,929"
14,2007,3,0.2893499,0.020934,83,9,4,2469920,"$378,822"
14,2007,4,0.2373358,0.0063808,470,9,4,2469920,"$2,121,329"
14,2008,1,0.2792747,0.0213653,99,9,4,2515003,"$461,750"
14,2008,2,0.2266106,0.020219,66,9,4,2515003,"$365,445"
14,2008,3,0.2754712,0.0272803,77,9,4,2515003,"$352,295"
14,2008,4,0.2684336,0.0071531,454,9,4,2515003,"$2,213,218"
14,2009,1,0.2646178,0.0176804,98,9,4,2511144,"$387,894"
14,2009,2,0.2443492,0.015561,84,9,4,2511144,"$346,940"
14,2009,3,0.2101449,0.0190828,63,9,4,2511144,"$260,865"
14,2009,4,0.2914696,0.0111321,390,9,4,2511144,"$2,402,446"
14,2010,1,0.2752499,0.0238521,88,9,4,2523353,"$328,032"
14,2010,2,0.2369441,0.0171154,77,9,4,2523353,"$441,818"
14,2010,3,0.2526462,0.024506,51,9,4,2523353,"$240,893"
14,2010,4,0.3200534,0.0101174,399,9,4,2523353,"$3,077,569"
15,2004,1,0.2220368,0.0100078,77,9,4,5446977,"$740,132"
15,2004,2,0.2182885,0.0108865,74,9,4,5446977,"$1,180,810"
15,2004,3,0.2346176,0.0144209,59,9,4,5446977,"$641,335"
15,2004,4,0.1972968,0.0037469,321,9,4,5446977,"$4,783,943"
15,2005,1,0.2167981,0.0134893,84,9,4,5512812,"$901,279"
15,2005,2,0.2068263,0.0113607,69,9,4,5512812,"$855,745"
15,2005,3,0.2139649,0.0142498,66,9,4,5512812,"$728,861"
15,2005,4,0.198281,0.0051139,312,9,4,5512812,"$4,329,620"
15,2006,1,0.2463693,0.0177574,78,9,4,5650944,"$961,672"
15,2006,2,0.2088891,0.0128002,73,9,4,5650944,"$998,879"
15,2006,3,0.2247777,0.0137789,66,9,4,5650944,"$908,537"
15,2006,4,0.2078975,0.0058969,285,9,4,5650944,"$4,866,060"
15,2007,1,0.2015706,0.014078,109,9,4,5738914,"$1,005,973"
15,2007,2,0.2322963,0.0157584,96,9,4,5738914,"$871,542"
15,2007,3,0.2408966,0.020548,96,9,4,5738914,"$1,746,291"
15,2007,4,0.2258553,0.0059939,453,9,4,5738914,"$4,717,662"
15,2008,1,0.2308278,0.0186822,105,9,4,5797682,"$873,422"
15,2008,2,0.2463113,0.0230726,78,9,4,5797682,"$576,664"
15,2008,3,0.2503617,0.022588,81,9,4,5797682,"$815,867"
15,2008,4,0.2641235,0.0068834,398,9,4,5797682,"$5,616,672"
15,2009,1,0.240729,0.0166973,115,9,4,5755128,"$1,084,292"
15,2009,2,0.2427725,0.0161324,103,9,4,5755128,"$844,632"
15,2009,3,0.2403771,0.0125017,94,9,4,5755128,"$751,161"
15,2009,4,0.3019547,0.0084693,442,9,4,5755128,"$6,038,099"
15,2010,1,0.2311622,0.0115607,112,9,4,5760010,"$1,043,273"
15,2010,2,0.2324804,0.0101937,104,9,4,5760010,"$823,324"
15,2010,3,0.2323067,0.0113898,84,9,4,5760010,"$981,462"
15,2010,4,0.3177106,0.0100223,461,9,4,5760010,"$5,580,238"
16,2004,1,0.170943,0.0112874,89,3,2,3293978,"$1,363,711"
16,2004,2,0.1634866,0.0098524,81,3,2,3293978,"$605,380"
16,2004,3,0.1636655,0.0121172,76,3,2,3293978,"$514,418"
16,2004,4,0.1837646,0.0046936,300,3,2,3293978,"$2,204,197"
16,2005,1,0.159631,0.0092017,89,3,2,3318014,"$692,484"
16,2005,2,0.1714628,0.0109166,66,3,2,3318014,"$527,208"
16,2005,3,0.1748847,0.0108299,64,3,2,3318014,"$432,352"
16,2005,4,0.1907933,0.0045842,297,3,2,3318014,"$2,248,755"
16,2006,1,0.1871926,0.0141821,79,3,2,3343922,"$484,024"
16,2006,2,0.1977495,0.0094066,84,3,2,3343922,"$532,501"
16,2006,3,0.1746588,0.0120844,77,3,2,3343922,"$468,359"
16,2006,4,0.2001367,0.0053753,292,3,2,3343922,"$2,273,561"
16,2007,1,0.1913175,0.0084824,134,3,2,3366254,"$561,248"
16,2007,2,0.1769894,0.0079536,117,3,2,3366254,"$541,998"
16,2007,3,0.1981054,0.0134223,103,3,2,3366254,"$467,484"
16,2007,4,0.2151406,0.0046047,431,3,2,3366254,"$2,269,353"
16,2008,1,0.1834571,0.0099993,154,3,2,3382955,"$857,433"
16,2008,2,0.1879998,0.0117537,90,3,2,3382955,"$303,348"
16,2008,3,0.2367238,0.0145448,100,3,2,3382955,"$574,210"
16,2008,4,0.2479752,0.0060913,423,3,2,3382955,"$2,212,129"
16,2009,1,0.2039276,0.0123644,146,3,2,3379294,"$583,572"
16,2009,2,0.2344766,0.0167389,117,3,2,3379294,"$557,566"
16,2009,3,0.2138881,0.0130458,109,3,2,3379294,"$420,500"
16,2009,4,0.2618936,0.0062051,429,3,2,3379294,"$2,499,128"
16,2010,1,0.2232504,0.0124272,132,3,2,3380809,"$552,463"
16,2010,2,0.2226023,0.0135721,110,3,2,3380809,"$540,752"
16,2010,3,0.2141637,0.0123725,110,3,2,3380809,"$573,268"
16,2010,4,0.2726527,0.0053633,452,3,2,3380809,"$2,834,655"
17,2004,1,0.171023,0.0046451,273,5,3,4425914,"$1,047,312"
17,2004,2,0.1792404,0.0059455,283,5,3,4425914,"$972,712"
17,2004,3,0.190248,0.0072426,280,5,3,4425914,"$1,277,507"
17,2004,4,0.1804269,0.0024848,760,5,3,4425914,"$3,897,237"
17,2005,1,0.1806479,0.0046541,261,5,3,4508136,"$1,124,737"
17,2005,2,0.1871496,0.0058712,219,5,3,4508136,"$805,766"
17,2005,3,0.2000635,0.0049525,228,5,3,4508136,"$924,565"
17,2005,4,0.2008977,0.0026618,701,5,3,4508136,"$3,994,293"
17,2006,1,0.1896133,0.0067408,222,5,3,4641030,"$969,850"
17,2006,2,0.1954031,0.0063773,216,5,3,4641030,"$1,206,383"
17,2006,3,0.1913404,0.0067867,232,5,3,4641030,"$1,047,936"
17,2006,4,0.1975237,0.0034161,688,5,3,4641030,"$4,550,626"
17,2007,1,0.1851251,0.0059165,247,5,3,4759230,"$1,013,574"
17,2007,2,0.2060112,0.0065435,260,5,3,4759230,"$1,148,427"
17,2007,3,0.1962808,0.0057023,254,5,3,4759230,"$1,099,954"
17,2007,4,0.208137,0.0032183,830,5,3,4759230,"$3,948,898"
17,2008,1,0.2006511,0.0061787,293,5,3,4808265,"$1,449,984"
17,2008,2,0.2119419,0.0087736,270,5,3,4808265,"$1,223,333"
17,2008,3,0.2402161,0.0089168,297,5,3,4808265,"$1,292,412"
17,2008,4,0.2411475,0.0039873,863,5,3,4808265,"$4,242,894"
17,2009,1,0.2333684,0.0075957,262,5,3,4845972,"$1,185,928"
17,2009,2,0.2334261,0.0069476,243,5,3,4845972,"$1,365,058"
17,2009,3,0.232478,0.0065603,263,5,3,4845972,"$1,582,706"
17,2009,4,0.2714539,0.0047189,774,5,3,4845972,"$5,200,801"
17,2010,1,0.251831,0.0081742,243,5,3,4798150,"$1,202,099"
17,2010,2,0.2417944,0.0108896,188,5,3,4798150,"$782,432"
17,2010,3,0.2483363,0.0089752,215,5,3,4798150,"$1,109,646"
17,2010,4,0.2878539,0.0051898,744,5,3,4798150,"$4,957,862"
18,2004,1,0.1398135,0.0050606,106,7,3,1374072,"$294,120"
18,2004,2,0.1548332,0.006319,80,7,3,1374072,"$164,541"
18,2004,3,0.1510272,0.0057807,91,7,3,1374072,"$271,407"
18,2004,4,0.1600954,0.002955,319,7,3,1374072,"$1,048,120"
18,2005,1,0.1581276,0.0051434,127,7,3,1381959,"$260,291"
18,2005,2,0.153321,0.0047858,97,7,3,1381959,"$230,084"
18,2005,3,0.1539302,0.0063069,96,7,3,1381959,"$215,336"
18,2005,4,0.1551909,0.0028721,338,7,3,1381959,"$1,047,650"
18,2006,1,0.1541045,0.0083319,124,7,3,1423906,"$247,904"
18,2006,2,0.1658236,0.0112772,81,7,3,1423906,"$136,192"
18,2006,3,0.1651634,0.0083886,106,7,3,1423906,"$290,846"
18,2006,4,0.1662182,0.0045353,326,7,3,1423906,"$1,317,756"
18,2007,1,0.1406411,0.0048723,111,7,3,1460125,"$167,467"
18,2007,2,0.1601467,0.0095199,91,7,3,1460125,"$159,179"
18,2007,3,0.1645648,0.0083786,72,7,3,1460125,"$124,204"
18,2007,4,0.1918557,0.0034127,355,7,3,1460125,"$1,053,425"
18,2008,1,0.1767973,0.0095748,116,7,3,1514066,"$232,303"
18,2008,2,0.1807827,0.0148965,82,7,3,1514066,"$140,047"
18,2008,3,0.2094822,0.015704,88,7,3,1514066,"$204,733"
18,2008,4,0.2128126,0.0048568,324,7,3,1514066,"$1,246,415"
18,2009,1,0.1866787,0.0122972,81,7,3,1559998,"$244,151"
18,2009,2,0.1959613,0.0206224,80,7,3,1559998,"$136,184"
18,2009,3,0.1803702,0.0105101,81,7,3,1559998,"$184,217"
18,2009,4,0.2219294,0.0076328,328,7,3,1559998,"$1,463,240"
18,2010,1,0.1837264,0.0087792,87,7,3,1581901,"$349,639"
18,2010,2,0.1851325,0.0203575,58,7,3,1581901,"$195,403"
18,2010,3,0.1946142,0.0147121,62,7,3,1581901,"$222,482"
18,2010,4,0.2290789,0.0090893,306,7,3,1581901,"$1,455,220"
19,2004,1,0.1750096,0.0056077,139,1,1,3138054,"$933,885"
19,2004,2,0.175881,0.0058814,98,1,1,3138054,"$797,535"
19,2004,3,0.1739414,0.0059666,101,1,1,3138054,"$640,275"
19,2004,4,0.1859919,0.0036684,398,1,1,3138054,"$2,580,291"
19,2005,1,0.1709155,0.0060491,161,1,1,3165925,"$1,037,607"
19,2005,2,0.1797407,0.0070866,118,1,1,3165925,"$654,403"
19,2005,3,0.1928189,0.0060149,129,1,1,3165925,"$725,998"
19,2005,4,0.2040751,0.0046337,375,1,1,3165925,"$2,251,956"
19,2006,1,0.1826818,0.0083704,134,1,1,3151092,"$935,131"
19,2006,2,0.1784453,0.0099589,102,1,1,3151092,"$680,270"
19,2006,3,0.2098021,0.0102451,106,1,1,3151092,"$871,240"
19,2006,4,0.2029333,0.0048922,363,1,1,3151092,"$2,340,057"
19,2007,1,0.2175818,0.0075058,185,1,1,3155045,"$855,975"
19,2007,2,0.1962594,0.0089143,140,1,1,3155045,"$805,995"
19,2007,3,0.2067231,0.0086581,141,1,1,3155045,"$615,931"
19,2007,4,0.2305972,0.0046823,446,1,1,3155045,"$2,274,726"
19,2008,1,0.2148316,0.0079168,180,1,1,3176070,"$1,052,963"
19,2008,2,0.2084259,0.0099253,130,1,1,3176070,"$673,307"
19,2008,3,0.2317083,0.010365,136,1,1,3176070,"$812,751"
19,2008,4,0.2631463,0.0060582,406,1,1,3176070,"$2,326,476"
19,2009,1,0.2397459,0.0104656,155,1,1,3168887,"$992,322"
19,2009,2,0.251794,0.0107985,145,1,1,3168887,"$749,430"
19,2009,3,0.2538839,0.0103068,114,1,1,3168887,"$618,370"
19,2009,4,0.2778509,0.0060199,426,1,1,3168887,"$2,622,918"
19,2010,1,0.2506825,0.0093948,123,1,1,3164086,"$756,116"
19,2010,2,0.2208636,0.0102263,96,1,1,3164086,"$579,505"
19,2010,3,0.2165007,0.0106796,101,1,1,3164086,"$514,219"
19,2010,4,0.2884559,0.0060774,432,1,1,3164086,"$2,729,049"
20,2004,1,0.1701864,0.0087201,93,2,1,4166181,"$837,570"
20,2004,2,0.1841635,0.010028,75,2,1,4166181,"$824,426"
20,2004,3,0.167924,0.0083834,82,2,1,4166181,"$754,573"
20,2004,4,0.1617686,0.0044245,249,2,1,4166181,"$2,719,051"
20,2005,1,0.1677169,0.0081653,86,2,1,4174650,"$975,527"
20,2005,2,0.1747071,0.0090917,62,2,1,4174650,"$679,154"
20,2005,3,0.1983958,0.0123448,77,2,1,4174650,"$906,193"
20,2005,4,0.1708617,0.0046171,256,2,1,4174650,"$3,333,871"
20,2006,1,0.1768336,0.0104841,87,2,1,4173092,"$1,073,962"
20,2006,2,0.2079886,0.0119256,66,2,1,4173092,"$762,858"
20,2006,3,0.1763498,0.0101602,73,2,1,4173092,"$734,684"
20,2006,4,0.1841833,0.0054733,251,2,1,4173092,"$3,412,397"
20,2007,1,0.1927123,0.0090531,148,2,1,4281682,"$1,194,824"
20,2007,2,0.2014857,0.0112925,86,2,1,4281682,"$512,920"
20,2007,3,0.2102028,0.013113,105,2,1,4281682,"$664,410"
20,2007,4,0.1877681,0.0054845,398,2,1,4281682,"$3,212,851"
20,2008,1,0.2130017,0.0109688,134,2,1,4257958,"$1,099,362"
20,2008,2,0.2150217,0.0096792,91,2,1,4257958,"$638,181"
20,2008,3,0.2263699,0.0102785,104,2,1,4257958,"$654,308"
20,2008,4,0.2345173,0.0062514,356,2,1,4257958,"$3,446,014"
20,2009,1,0.240134,0.0132276,107,2,1,4274273,"$875,102"
20,2009,2,0.2274778,0.0126597,92,2,1,4274273,"$799,957"
20,2009,3,0.2157476,0.0111135,105,2,1,4274273,"$907,521"
20,2009,4,0.2418845,0.0060214,366,2,1,4274273,"$4,314,780"
20,2010,1,0.2249649,0.0101356,157,2,1,4407152,"$1,536,108"
20,2010,2,0.2321609,0.0104317,94,2,1,4407152,"$818,192"
20,2010,3,0.2700115,0.0186771,91,2,1,4407152,"$892,428"
20,2010,4,0.2623979,0.0067629,423,2,1,4407152,"$4,817,585"
21,2004,1,0.1615099,0.0066276,272,3,2,4323915,"$1,072,391"
21,2004,2,0.1614314,0.00699,207,3,2,4323915,"$1,038,211"
21,2004,3,0.1568997,0.0065749,227,3,2,4323915,"$1,152,681"
21,2004,4,0.1655224,0.0032354,842,3,2,4323915,"$5,470,188"
21,2005,1,0.1553691,0.0066122,278,3,2,4393263,"$1,231,248"
21,2005,2,0.1562517,0.0073918,182,3,2,4393263,"$881,266"
21,2005,3,0.1659795,0.0080241,201,3,2,4393263,"$904,655"
21,2005,4,0.1690928,0.0033818,795,3,2,4393263,"$5,710,202"
21,2006,1,0.1560323,0.0064208,220,3,2,4380276,"$944,339"
21,2006,2,0.1612949,0.0080045,219,3,2,4380276,"$1,083,000"
21,2006,3,0.1909035,0.0098608,208,3,2,4380276,"$1,247,688"
21,2006,4,0.1782794,0.003614,730,3,2,4380276,"$4,967,657"
21,2007,1,0.1618779,0.0042618,454,3,2,4356126,"$1,458,502"
21,2007,2,0.1712016,0.0054836,382,3,2,4356126,"$1,350,752"
21,2007,3,0.1788531,0.0057725,378,3,2,4356126,"$1,091,831"
21,2007,4,0.1925866,0.0022593,1326,3,2,4356126,"$5,670,102"
21,2008,1,0.1780221,0.0045847,473,3,2,4375522,"$1,459,399"
21,2008,2,0.1858301,0.0067753,325,3,2,4375522,"$1,131,028"
21,2008,3,0.2035219,0.0069449,341,3,2,4375522,"$1,043,927"
21,2008,4,0.2177394,0.0024015,1271,3,2,4375522,"$6,006,487"
21,2009,1,0.1862009,0.0054585,358,3,2,4371155,"$1,425,654"
21,2009,2,0.2034846,0.0053024,371,3,2,4371155,"$1,684,640"
21,2009,3,0.2155749,0.0065268,273,3,2,4371155,"$1,155,929"
21,2009,4,0.2468662,0.0037262,1169,3,2,4371155,"$6,509,396"
21,2010,1,0.2067401,0.0060526,325,3,2,4364813,"$1,140,755"
21,2010,2,0.2000145,0.005464,241,3,2,4364813,"$904,738"
21,2010,3,0.2281366,0.0094182,263,3,2,4364813,"$1,202,422"
21,2010,4,0.2744955,0.0045098,1090,3,2,4364813,"$6,572,296"
22,2004,1,0.2030669,0.0119286,114,9,4,3051607,"$507,812"
22,2004,2,0.2329703,0.0129707,81,9,4,3051607,"$435,827"
22,2004,3,0.2231741,0.0155581,87,9,4,3051607,"$497,875"
22,2004,4,0.1901514,0.0047677,466,9,4,3051607,"$2,352,126"
22,2005,1,0.2308975,0.0129318,108,9,4,3168227,"$483,979"
22,2005,2,0.2345077,0.0171763,84,9,4,3168227,"$503,185"
22,2005,3,0.2376991,0.0136981,65,9,4,3168227,"$441,431"
22,2005,4,0.1872525,0.0042573,489,9,4,3168227,"$2,877,275"
22,2006,1,0.2445023,0.0191507,95,9,4,3145148,"$547,882"
22,2006,2,0.2433284,0.0234061,69,9,4,3145148,"$501,354"
22,2006,3,0.2553153,0.0234745,73,9,4,3145148,"$424,258"
22,2006,4,0.2094351,0.0083103,468,9,4,3145148,"$2,752,774"
22,2007,1,0.2151855,0.0102909,154,9,4,3303078,"$576,228"
22,2007,2,0.2373612,0.0135041,114,9,4,3303078,"$601,904"
22,2007,3,0.2456432,0.0172516,135,9,4,3303078,"$724,304"
22,2007,4,0.2116156,0.0037642,685,9,4,3303078,"$3,218,043"
22,2008,1,0.2320118,0.0137605,172,9,4,3405900,"$705,549"
22,2008,2,0.2318492,0.0146408,117,9,4,3405900,"$674,577"
22,2008,3,0.2643074,0.0141892,113,9,4,3405900,"$761,571"
22,2008,4,0.2383309,0.0051845,626,9,4,3405900,"$3,565,756"
22,2009,1,0.2503754,0.0144417,113,9,4,3429842,"$700,482"
22,2009,2,0.2361449,0.0154258,104,9,4,3429842,"$446,036"
22,2009,3,0.2368602,0.0130277,90,9,4,3429842,"$469,556"
22,2009,4,0.2544268,0.0055544,563,9,4,3429842,"$3,492,303"
22,2010,1,0.2384241,0.020314,118,9,4,3457822,"$534,383"
22,2010,2,0.1934452,0.0132739,91,9,4,3457822,"$326,904"
22,2010,3,0.2636898,0.0171118,69,9,4,3457822,"$407,570"
22,2010,4,0.2720776,0.0054273,535,9,4,3457822,"$3,902,311"
23,2004,1,0.2938467,0.0242389,38,9,4,2662964,"$304,279"
23,2004,2,0.245755,0.0142365,35,9,4,2662964,"$304,719"
23,2004,3,,,,9,4,2662964,
23,2004,4,0.242925,0.0066241,243,9,4,2662964,"$2,440,571"
23,2005,1,0.2242731,0.0194131,45,9,4,2593970,"$482,456"
23,2005,2,0.230466,0.0221952,38,9,4,2593970,"$298,655"
23,2005,3,0.2706626,0.0331987,32,9,4,2593970,"$350,704"
23,2005,4,0.2267383,0.0072455,241,9,4,2593970,"$2,473,700"
23,2006,1,0.2728918,0.0307923,48,9,4,2607957,"$448,347"
23,2006,2,0.2985731,0.0326054,37,9,4,2607957,"$300,620"
23,2006,3,0.2787255,0.0327669,32,9,4,2607957,"$230,822"
23,2006,4,0.2259659,0.0055861,203,9,4,2607957,"$2,011,709"
23,2007,1,0.3071384,0.0210312,50,9,4,2648033,"$300,800"
23,2007,2,0.2570014,0.0196251,44,9,4,2648033,"$298,270"
23,2007,3,0.3787726,0.0396694,35,9,4,2648033,"$218,017"
23,2007,4,0.2493586,0.0079338,203,9,4,2648033,"$1,830,833"
23,2008,1,0.2607354,0.0290271,47,9,4,2688052,"$324,115"
23,2008,2,0.3103698,0.0300912,39,9,4,2688052,"$474,398"
23,2008,3,0.3577243,0.0404121,32,9,4,2688052,"$383,017"
23,2008,4,0.3028993,0.0099572,231,9,4,2688052,"$2,764,528"
23,2009,1,0.2826886,0.0279194,52,9,4,2705008,"$434,098"
23,2009,2,0.3302281,0.0286083,39,9,4,2705008,"$389,497"
23,2009,3,,,,9,4,2705008,
23,2009,4,0.3001475,0.0079163,229,9,4,2705008,"$2,944,860"
23,2010,1,0.3229608,0.0278329,41,9,4,2731144,"$294,524"
23,2010,2,0.2662599,0.0297199,37,9,4,2731144,"$266,162"
23,2010,3,,,,9,4,2731144,
23,2010,4,0.3288941,0.0108639,229,9,4,2731144,"$2,516,906"
24,2004,1,0.1474648,0.0049938,125,5,3,2199956,"$501,397"
24,2004,2,0.1584268,0.008085,117,5,3,2199956,"$455,209"
24,2004,3,0.1551373,0.0066574,128,5,3,2199956,"$500,941"
24,2004,4,0.1571779,0.003714,302,5,3,2199956,"$1,555,212"
24,2005,1,0.1494451,0.0054446,121,5,3,2237009,"$572,330"
24,2005,2,0.1582495,0.0073394,96,5,3,2237009,"$493,839"
24,2005,3,0.1684838,0.0075008,101,5,3,2237009,"$588,260"
24,2005,4,0.1653931,0.0043457,304,5,3,2237009,"$1,450,573"
24,2006,1,0.1589008,0.0080274,108,5,3,2288210,"$567,913"
24,2006,2,0.1418532,0.0108831,74,5,3,2288210,"$498,471"
24,2006,3,0.169737,0.009772,92,5,3,2288210,"$536,400"
24,2006,4,0.1782615,0.0048603,283,5,3,2288210,"$1,457,687"
24,2007,1,0.1549715,0.007956,124,5,3,2400228,"$421,398"
24,2007,2,0.1672408,0.0088939,113,5,3,2400228,"$564,056"
24,2007,3,0.1753458,0.0074068,117,5,3,2400228,"$484,761"
24,2007,4,0.1804121,0.0043517,351,5,3,2400228,"$1,743,206"
24,2008,1,0.1839678,0.0084615,156,5,3,2513010,"$650,346"
24,2008,2,0.1923564,0.0089523,117,5,3,2513010,"$557,701"
24,2008,3,0.2057221,0.0089722,131,5,3,2513010,"$600,457"
24,2008,4,0.208099,0.0050207,367,5,3,2513010,"$1,740,485"
24,2009,1,0.1885942,0.0088423,110,5,3,2557268,"$716,238"
24,2009,2,0.1962507,0.0076945,103,5,3,2557268,"$562,912"
24,2009,3,0.2042217,0.0073372,99,5,3,2557268,"$693,341"
24,2009,4,0.2355151,0.0070656,297,5,3,2557268,"$2,090,693"
24,2010,1,0.2152234,0.0096613,113,5,3,2573463,"$772,403"
24,2010,2,0.2045173,0.0113219,95,5,3,2573463,"$516,731"
24,2010,3,0.2108305,0.0134778,89,5,3,2573463,"$608,973"
24,2010,4,0.2621838,0.0081486,302,5,3,2573463,"$2,349,313"
25,2004,1,0.1510106,0.0039278,323,7,3,5904341,"$1,558,715"
25,2004,2,0.1623402,0.0044979,321,7,3,5904341,"$1,570,136"
25,2004,3,0.1586892,0.0042571,313,7,3,5904341,"$1,369,888"
25,2004,4,0.1645617,0.002271,835,7,3,5904341,"$4,717,441"
25,2005,1,0.154948,0.0035414,336,7,3,5733200,"$1,798,742"
25,2005,2,0.1519949,0.0042188,265,7,3,5733200,"$1,285,099"
25,2005,3,0.1626413,0.0042886,284,7,3,5733200,"$1,702,999"
25,2005,4,0.1658361,0.0023173,840,7,3,5733200,"$5,593,541"
25,2006,1,0.1611411,0.0074939,289,7,3,5896993,"$1,074,631"
25,2006,2,0.1587869,0.0055367,282,7,3,5896993,"$1,008,252"
25,2006,3,0.1702408,0.0047545,286,7,3,5896993,"$1,326,692"
25,2006,4,0.17225,0.0028469,841,7,3,5896993,"$5,186,533"
25,2007,1,0.1637706,0.0040601,377,7,3,6273199,"$1,508,068"
25,2007,2,0.1599864,0.004098,356,7,3,6273199,"$1,745,919"
25,2007,3,0.1767782,0.0045748,334,7,3,6273199,"$1,630,612"
25,2007,4,0.1809888,0.0025028,1021,7,3,6273199,"$4,777,281"
25,2008,1,0.1758769,0.0051197,352,7,3,6426017,"$1,885,388"
25,2008,2,0.1837977,0.0056875,310,7,3,6426017,"$1,727,544"
25,2008,3,0.1859973,0.006346,310,7,3,6426017,"$1,831,145"
25,2008,4,0.2123816,0.0032925,902,7,3,6426017,"$5,427,509"
25,2009,1,0.1979696,0.0053303,299,7,3,6520578,"$1,849,551"
25,2009,2,0.203572,0.0065794,245,7,3,6520578,"$1,573,307"
25,2009,3,0.2130454,0.0052904,282,7,3,6520578,"$1,397,025"
25,2009,4,0.224449,0.0037627,853,7,3,6520578,"$5,898,707"
25,2010,1,0.2013326,0.006157,313,7,3,6637076,"$1,595,234"
25,2010,2,0.1979581,0.0071274,258,7,3,6637076,"$1,346,581"
25,2010,3,0.2090003,0.0076835,256,7,3,6637076,"$1,016,160"
25,2010,4,0.2374388,0.0048484,867,7,3,6637076,"$5,359,094"
26,2004,1,0.1760756,0.0088176,76,5,3,2690369,"$488,583"
26,2004,2,0.1885855,0.0086296,70,5,3,2690369,"$717,700"
26,2004,3,0.17928,0.0081718,67,5,3,2690369,"$345,680"
26,2004,4,0.1848319,0.0043167,255,5,3,2690369,"$2,673,052"
26,2005,1,0.1752247,0.0077615,85,5,3,2713707,"$675,478"
26,2005,2,0.1785849,0.0113183,49,5,3,2713707,"$357,703"
26,2005,3,0.1961215,0.0074485,64,5,3,2713707,"$609,265"
26,2005,4,0.1853697,0.0038859,254,5,3,2713707,"$2,367,114"
26,2006,1,0.1759185,0.0097041,74,5,3,2763040,"$536,099"
26,2006,2,0.1928121,0.0104032,65,5,3,2763040,"$629,132"
26,2006,3,0.1995529,0.0131209,62,5,3,2763040,"$518,812"
26,2006,4,0.1980914,0.0048433,240,5,3,2763040,"$2,594,473"
26,2007,1,0.190051,0.0094567,106,5,3,2757942,"$666,240"
26,2007,2,0.1910984,0.0099198,94,5,3,2757942,"$638,703"
26,2007,3,0.2294103,0.0126461,88,5,3,2757942,"$598,201"
26,2007,4,0.2083101,0.0049837,347,5,3,2757942,"$3,074,181"
26,2008,1,0.1955313,0.0095169,126,5,3,2807796,"$836,619"
26,2008,2,0.1929973,0.0115333,78,5,3,2807796,"$767,076"
26,2008,3,0.2484591,0.0155467,94,5,3,2807796,"$671,552"
26,2008,4,0.2409136,0.0060103,341,5,3,2807796,"$2,938,874"
26,2009,1,0.2328485,0.0089046,116,5,3,2811201,"$854,496"
26,2009,2,0.2227135,0.009929,100,5,3,2811201,"$913,688"
26,2009,3,0.2409894,0.0111801,91,5,3,2811201,"$712,966"
26,2009,4,0.2620473,0.0050529,349,5,3,2811201,"$3,162,819"
26,2010,1,0.2300523,0.0093115,116,5,3,2817007,"$784,275"
26,2010,2,0.2247417,0.0097624,90,5,3,2817007,"$635,751"
26,2010,3,0.2271688,0.0102553,91,5,3,2817007,"$596,926"
26,2010,4,0.2869085,0.0058721,381,5,3,2817007,"$3,449,677"
91,2004,1,0.1596039,0.0112926,33,1,1,864330,"$375,785"
91,2004,2,,,,1,1,864330,
91,2004,3,,,,1,1,864330,
91,2004,4,0.1839778,0.0058704,79,1,1,864330,"$1,029,146"
91,2005,1,,,,1,1,906549,
91,2005,2,,,,1,1,906549,
91,2005,3,,,,1,1,906549,
91,2005,4,0.1984836,0.0063516,70,1,1,906549,"$1,140,160"
91,2006,1,,,,1,1,889672,
91,2006,2,,,,1,1,889672,
91,2006,3,,,,1,1,889672,
91,2006,4,0.181218,0.0090148,67,1,1,889672,"$714,422"
91,2007,1,0.2069236,0.0148589,63,1,1,918041,"$350,405"
91,2007,2,0.2204896,0.0136742,46,1,1,918041,"$306,835"
91,2007,3,0.2398818,0.0150571,63,1,1,918041,"$343,325"
91,2007,4,0.2196426,0.0064954,161,1,1,918041,"$820,621"
91,2008,1,0.1859005,0.011127,70,1,1,916920,"$379,533"
91,2008,2,0.2244227,0.0169617,54,1,1,916920,"$340,228"
91,2008,3,0.2188926,0.0150219,61,1,1,916920,"$410,207"
91,2008,4,0.248768,0.0070796,168,1,1,916920,"$1,168,867"
91,2009,1,0.2267488,0.0124381,53,1,1,917026,"$258,753"
91,2009,2,0.2058946,0.0161058,46,1,1,917026,"$218,971"
91,2009,3,0.2142482,0.0173496,50,1,1,917026,"$281,321"
91,2009,4,0.2832631,0.0094502,163,1,1,917026,"$1,538,882"
91,2010,1,0.2468381,0.028297,46,1,1,912050,"$276,930"
91,2010,2,0.2363158,0.0211657,43,1,1,912050,"$369,485"
91,2010,3,0.235889,0.0258215,35,1,1,912050,"$329,491"
91,2010,4,0.317023,0.0102688,156,1,1,912050,"$1,012,200"
92,2004,1,0.1660794,0.0196353,34,2,1,1184346,"$261,779"
92,2004,2,0.1504368,0.0100474,37,2,1,1184346,"$515,633"
92,2004,3,0.1533285,0.0112683,30,2,1,1184346,"$254,163"
92,2004,4,0.1515551,0.0046392,109,2,1,1184346,"$1,429,853"
92,2005,1,0.1558972,0.0107575,33,2,1,1162374,"$323,753"
92,2005,2,,,,2,1,1162374,
92,2005,3,,,,2,1,1162374,
92,2005,4,0.1658914,0.0047143,94,2,1,1162374,"$1,423,735"
92,2006,1,,,,2,1,1084815,
92,2006,2,0.1710022,0.0112494,33,2,1,1084815,"$426,986"
92,2006,3,,,,2,1,1084815,
92,2006,4,0.179731,0.0046637,103,2,1,1084815,"$1,569,828"
92,2007,1,0.1814784,0.0138196,75,2,1,1018947,"$301,743"
92,2007,2,0.1645009,0.0088314,77,2,1,1018947,"$312,772"
92,2007,3,0.1668971,0.0082745,70,2,1,1018947,"$303,320"
92,2007,4,0.1790105,0.003861,236,2,1,1018947,"$1,388,897"
92,2008,1,0.172817,0.0078726,85,2,1,1023044,"$288,649"
92,2008,2,0.1634724,0.0093413,59,2,1,1023044,"$284,807"
92,2008,3,0.1984193,0.0133865,80,2,1,1023044,"$349,883"
92,2008,4,0.2145015,0.005358,244,2,1,1023044,"$1,461,540"
92,2009,1,0.2041411,0.0125359,85,2,1,1023023,"$358,553"
92,2009,2,0.1982159,0.0102722,79,2,1,1023023,"$381,492"
92,2009,3,0.2031989,0.0091848,69,2,1,1023023,"$293,328"
92,2009,4,0.2407715,0.0061039,236,2,1,1023023,"$1,546,624"
92,2010,1,0.2045631,0.0078781,99,2,1,1023050,"$466,098"
92,2010,2,0.2005686,0.0096844,63,2,1,1023050,"$237,252"
92,2010,3,0.2096697,0.0121316,62,2,1,1023050,"$265,056"
92,2010,4,0.2463054,0.0067914,236,2,1,1023050,"$1,493,611"
93,2004,1,0.1483197,0.0050359,155,3,2,5013098,"$1,334,076"
93,2004,2,0.1449749,0.0066468,128,3,2,5013098,"$1,214,961"
93,2004,3,0.1609137,0.007288,122,3,2,5013098,"$1,164,839"
93,2004,4,0.1684636,0.0026791,511,3,2,5013098,"$6,187,327"
93,2005,1,0.147858,0.0053886,186,3,2,4991848,"$1,504,116"
93,2005,2,0.1477849,0.0073256,112,3,2,4991848,"$726,928"
93,2005,3,0.1628553,0.0068297,132,3,2,4991848,"$1,074,787"
93,2005,4,0.1791229,0.0033196,488,3,2,4991848,"$5,875,594"
93,2006,1,0.1608116,0.0084952,162,3,2,5136716,"$1,650,198"
93,2006,2,0.1584908,0.0071976,133,3,2,5136716,"$1,247,171"
93,2006,3,0.1573985,0.0066592,136,3,2,5136716,"$1,193,745"
93,2006,4,0.1825534,0.0033134,493,3,2,5136716,"$6,690,621"
93,2007,1,0.1594516,0.0053947,356,3,2,4404610,"$1,198,574"
93,2007,2,0.1649654,0.0051323,291,3,2,4404610,"$996,506"
93,2007,3,0.1781901,0.0057201,317,3,2,4404610,"$929,349"
93,2007,4,0.1946928,0.0025225,1071,3,2,4404610,"$4,868,750"
93,2008,1,0.1765894,0.005868,362,3,2,4436119,"$1,245,667"
93,2008,2,0.1621312,0.0058707,258,3,2,4436119,"$838,911"
93,2008,3,0.1926873,0.0070355,294,3,2,4436119,"$1,148,940"
93,2008,4,0.2149955,0.0029878,974,3,2,4436119,"$5,724,363"
93,2009,1,0.1929902,0.0060146,334,3,2,4446181,"$1,306,668"
93,2009,2,0.1892019,0.0047796,329,3,2,4446181,"$1,501,203"
93,2009,3,0.2004655,0.0058113,239,3,2,4446181,"$950,200"
93,2009,4,0.2411264,0.0034633,951,3,2,4446181,"$5,795,245"
93,2010,1,0.2061868,0.0058998,320,3,2,4433415,"$1,550,447"
93,2010,2,0.1918979,0.0048846,245,3,2,4433415,"$1,284,661"
93,2010,3,0.2179075,0.0078808,253,3,2,4433415,"$1,107,272"
93,2010,4,0.2645294,0.0039519,997,3,2,4433415,"$6,496,921"
94,2004,1,0.1438328,0.0056582,99,4,2,3065057,"$661,703"
94,2004,2,0.1458621,0.0063041,95,4,2,3065057,"$617,272"
94,2004,3,0.1555861,0.0084571,76,4,2,3065057,"$536,843"
94,2004,4,0.1660218,0.0035557,339,4,2,3065057,"$3,067,403"
94,2005,1,0.1432377,0.0047732,99,4,2,3032920,"$672,552"
94,2005,2,0.1394309,0.00762,72,4,2,3032920,"$502,984"
94,2005,3,0.156388,0.0070417,70,4,2,3032920,"$499,236"
94,2005,4,0.1777075,0.0032103,346,4,2,3032920,"$3,236,482"
94,2006,1,0.1419669,0.0086748,90,4,2,2855429,"$579,263"
94,2006,2,0.1454853,0.0085509,82,4,2,2855429,"$490,472"
94,2006,3,0.162804,0.0095654,67,4,2,2855429,"$380,440"
94,2006,4,0.1822919,0.0037443,308,4,2,2855429,"$3,031,144"
94,2007,1,0.1678369,0.0053573,248,4,2,3380858,"$890,124"
94,2007,2,0.1592413,0.0046967,210,4,2,3380858,"$786,099"
94,2007,3,0.1689372,0.0054756,220,4,2,3380858,"$843,486"
94,2007,4,0.1944575,0.0023974,728,4,2,3380858,"$3,597,446"
94,2008,1,0.170954,0.0056514,259,4,2,3409081,"$1,115,102"
94,2008,2,0.1680177,0.0063043,179,4,2,3409081,"$664,153"
94,2008,3,0.1851015,0.0090075,169,4,2,3409081,"$864,716"
94,2008,4,0.2143347,0.0032559,733,4,2,3409081,"$3,445,521"
94,2009,1,0.2016188,0.007638,212,4,2,3438242,"$915,508"
94,2009,2,0.1947696,0.0059318,195,4,2,3438242,"$1,007,188"
94,2009,3,0.2225295,0.0070328,159,4,2,3438242,"$812,902"
94,2009,4,0.2521892,0.0038438,713,4,2,3438242,"$4,323,462"
94,2010,1,0.2147928,0.0068292,217,4,2,3442838,"$1,008,598"
94,2010,2,0.1989645,0.0077715,156,4,2,3442838,"$684,656"
94,2010,3,0.2013461,0.0088321,155,4,2,3442838,"$820,173"
94,2010,4,0.2619183,0.0046257,716,4,2,3442838,"$4,648,810"
95,2004,1,0.1547295,0.0063785,101,5,3,4648623,"$1,643,637"
95,2004,2,0.1578806,0.007789,95,5,3,4648623,"$1,005,187"
95,2004,3,0.1710491,0.0081029,90,5,3,4648623,"$1,079,162"
95,2004,4,0.1674198,0.0039573,242,5,3,4648623,"$3,647,754"
95,2005,1,0.1621154,0.0119033,90,5,3,4846404,"$1,137,398"
95,2005,2,0.1605472,0.0110944,71,5,3,4846404,"$998,096"
95,2005,3,0.1685587,0.0106203,84,5,3,4846404,"$1,095,228"
95,2005,4,0.1712201,0.0042047,244,5,3,4846404,"$3,908,995"
95,2006,1,0.1559745,0.007708,91,5,3,4973485,"$1,265,252"
95,2006,2,0.1591749,0.0074155,75,5,3,4973485,"$762,070"
95,2006,3,0.1800112,0.0108598,76,5,3,4973485,"$1,029,486"
95,2006,4,0.1778969,0.0042849,226,5,3,4973485,"$4,314,463"
95,2007,1,0.168169,0.0046221,316,5,3,5228991,"$1,790,177"
95,2007,2,0.1758945,0.0048132,273,5,3,5228991,"$1,764,227"
95,2007,3,0.1820652,0.0048243,256,5,3,5228991,"$1,652,134"
95,2007,4,0.1964099,0.0026933,733,5,3,5228991,"$4,809,297"
95,2008,1,0.1767687,0.0052361,319,5,3,5301373,"$1,566,580"
95,2008,2,0.1748899,0.0058907,238,5,3,5301373,"$1,166,126"
95,2008,3,0.1963376,0.0068978,242,5,3,5301373,"$1,439,826"
95,2008,4,0.2178824,0.0035934,694,5,3,5301373,"$5,689,792"
95,2009,1,0.2013065,0.0065775,256,5,3,5404378,"$1,524,308"
95,2009,2,0.1951431,0.0055648,244,5,3,5404378,"$1,505,621"
95,2009,3,0.2183076,0.0075119,216,5,3,5404378,"$1,253,282"
95,2009,4,0.2306646,0.0039835,666,5,3,5404378,"$5,292,485"
95,2010,1,0.2094654,0.0060094,221,5,3,5422375,"$1,330,352"
95,2010,2,0.2181957,0.0061377,197,5,3,5422375,"$1,057,937"
95,2010,3,0.2301688,0.0078442,210,5,3,5422375,"$1,281,028"
95,2010,4,0.2605123,0.0052198,691,5,3,5422375,"$5,370,383"
96,2004,1,0.1421051,0.0081614,114,6,3,2127878,"$541,004"
96,2004,2,0.1532295,0.0065213,108,6,3,2127878,"$566,665"
96,2004,3,0.1476886,0.0084589,104,6,3,2127878,"$383,393"
96,2004,4,0.1566742,0.0034646,292,6,3,2127878,"$1,881,777"
96,2005,1,0.1528194,0.0061164,139,6,3,2219294,"$679,631"
96,2005,2,0.1508853,0.0070461,98,6,3,2219294,"$513,285"
96,2005,3,0.1541556,0.0084631,122,6,3,2219294,"$715,390"
96,2005,4,0.166307,0.0043415,291,6,3,2219294,"$1,882,817"
96,2006,1,0.1449345,0.0066225,111,6,3,2052783,"$407,947"
96,2006,2,0.1453411,0.0075911,95,6,3,2052783,"$359,256"
96,2006,3,0.1640175,0.0083087,103,6,3,2052783,"$515,656"
96,2006,4,0.1712611,0.0045812,265,6,3,2052783,"$1,464,617"
96,2007,1,0.1542042,0.0058053,178,6,3,2334761,"$550,591"
96,2007,2,0.1633277,0.0067999,160,6,3,2334761,"$581,195"
96,2007,3,0.1565547,0.0066119,148,6,3,2334761,"$526,090"
96,2007,4,0.1831497,0.0038586,407,6,3,2334761,"$2,088,260"
96,2008,1,0.1547229,0.0065388,176,6,3,2342160,"$836,152"
96,2008,2,0.1777098,0.0083519,137,6,3,2342160,"$589,399"
96,2008,3,0.1837391,0.0088332,133,6,3,2342160,"$648,032"
96,2008,4,0.2106041,0.0051282,378,6,3,2342160,"$1,934,808"
96,2009,1,0.1840475,0.0071996,157,6,3,2366185,"$940,215"
96,2009,2,0.1772941,0.0063561,121,6,3,2366185,"$717,482"
96,2009,3,0.1959909,0.0081794,128,6,3,2366185,"$670,415"
96,2009,4,0.234474,0.0057161,348,6,3,2366185,"$2,515,441"
96,2010,1,0.2129292,0.0084206,161,6,3,2376012,"$919,683"
96,2010,2,0.2151773,0.010897,121,6,3,2376012,"$707,538"
96,2010,3,0.204264,0.0108833,119,6,3,2376012,"$615,304"
96,2010,4,0.259918,0.0070855,361,6,3,2376012,"$2,531,591"
97,2004,1,0.1492856,0.0049943,202,7,3,3178079,"$1,004,988"
97,2004,2,0.1549596,0.0056412,150,7,3,3178079,"$772,775"
97,2004,3,0.1573257,0.0044823,159,7,3,3178079,"$715,254"
97,2004,4,0.1638421,0.0022017,469,7,3,3178079,"$2,555,836"
97,2005,1,0.1447814,0.0037478,210,7,3,3261084,"$1,154,266"
97,2005,2,0.1518327,0.0056741,160,7,3,3261084,"$993,775"
97,2005,3,0.1572801,0.0055155,151,7,3,3261084,"$993,319"
97,2005,4,0.1646996,0.0024676,514,7,3,3261084,"$3,007,156"
97,2006,1,0.1628385,0.0070867,172,7,3,3260843,"$823,022"
97,2006,2,0.1571681,0.0055009,142,7,3,3260843,"$634,190"
97,2006,3,0.1586795,0.0073474,153,7,3,3260843,"$728,063"
97,2006,4,0.1722353,0.0043091,438,7,3,3260843,"$2,847,430"
97,2007,1,0.1534264,0.0054297,248,7,3,3438938,"$747,368"
97,2007,2,0.1637998,0.0077245,213,7,3,3438938,"$917,400"
97,2007,3,0.1629029,0.0060156,208,7,3,3438938,"$840,653"
97,2007,4,0.1835954,0.0034366,644,7,3,3438938,"$3,638,022"
97,2008,1,0.1661654,0.0053908,253,7,3,3476529,"$1,211,120"
97,2008,2,0.1735215,0.0086268,168,7,3,3476529,"$953,709"
97,2008,3,0.195805,0.0109051,193,7,3,3476529,"$632,191"
97,2008,4,0.2128219,0.0049403,583,7,3,3476529,"$2,639,236"
97,2009,1,0.2045237,0.0096618,193,7,3,3540146,"$1,333,279"
97,2009,2,0.1854644,0.0100379,187,7,3,3540146,"$780,420"
97,2009,3,0.2084907,0.0101046,191,7,3,3540146,"$1,289,324"
97,2009,4,0.2257993,0.0057397,544,7,3,3540146,"$3,924,319"
97,2010,1,0.1940671,0.0054704,188,7,3,3576243,"$879,211"
97,2010,2,0.1953491,0.010889,137,7,3,3576243,"$811,169"
97,2010,3,0.223108,0.0123611,133,7,3,3576243,"$1,024,159"
97,2010,4,0.2337079,0.0068842,482,7,3,3576243,"$3,276,534"
98,2004,1,0.1822832,0.01105,39,8,4,2665029,"$528,876"
98,2004,2,0.1698811,0.0099367,42,8,4,2665029,"$516,944"
98,2004,3,0.1842114,0.012715,51,8,4,2665029,"$537,718"
98,2004,4,0.178259,0.005016,197,8,4,2665029,"$2,768,339"
98,2005,1,0.177998,0.0116969,54,8,4,2624530,"$737,130"
98,2005,2,0.1954447,0.0142355,40,8,4,2624530,"$478,750"
98,2005,3,0.1908804,0.0146404,50,8,4,2624530,"$592,045"
98,2005,4,0.1820478,0.0048534,191,8,4,2624530,"$2,653,965"
98,2006,1,0.1488658,0.0078926,49,8,4,3073814,"$567,518"
98,2006,2,0.1682849,0.0142973,41,8,4,3073814,"$624,582"
98,2006,3,0.1992368,0.0120377,48,8,4,3073814,"$582,327"
98,2006,4,0.1810391,0.0042454,192,8,4,3073814,"$4,173,374"
98,2007,1,0.1956684,0.0096715,99,8,4,2582618,"$496,846"
98,2007,2,0.2005458,0.0124139,101,8,4,2582618,"$581,535"
98,2007,3,0.1965761,0.0119752,87,8,4,2582618,"$537,146"
98,2007,4,0.2021732,0.0041236,420,8,4,2582618,"$2,760,559"
98,2008,1,0.2312626,0.0175057,110,8,4,2654927,"$739,714"
98,2008,2,0.2298355,0.0196168,85,8,4,2654927,"$397,726"
98,2008,3,0.2538644,0.0157593,89,8,4,2654927,"$427,711"
98,2008,4,0.2186543,0.0055074,403,8,4,2654927,"$3,394,376"
98,2009,1,0.2130803,0.0130661,90,8,4,2668457,"$468,473"
98,2009,2,0.2165753,0.0157241,90,8,4,2668457,"$623,798"
98,2009,3,0.2122771,0.0118005,65,8,4,2668457,"$610,158"
98,2009,4,0.2572512,0.0067027,377,8,4,2668457,"$3,816,066"
98,2010,1,0.2341838,0.0198718,84,8,4,2653240,"$458,132"
98,2010,2,0.2318588,0.0155923,58,8,4,2653240,"$453,681"
98,2010,3,0.2231645,0.0197231,62,8,4,2653240,"$380,088"
98,2010,4,0.2722053,0.0082295,347,8,4,2653240,"$2,582,476"
99,2004,1,0.2003837,0.0135912,44,9,4,2364756,"$439,648"
99,2004,2,,,,9,4,2364756,
99,2004,3,,,,9,4,2364756,
99,2004,4,0.1868956,0.0059717,169,9,4,2364756,"$2,312,039"
99,2005,1,0.1910418,0.0161636,31,9,4,2540708,"$677,028"
99,2005,2,,,,9,4,2540708,
99,2005,3,,,,9,4,2540708,
99,2005,4,0.1897298,0.0045488,159,9,4,2540708,"$2,889,034"
99,2006,1,,,,9,4,2372146,
99,2006,2,,,,9,4,2372146,
99,2006,3,,,,9,4,2372146,
99,2006,4,0.1911761,0.006207,159,9,4,2372146,"$3,565,880"
99,2007,1,0.1875792,0.0112359,105,9,4,2677878,"$739,685"
99,2007,2,0.1916912,0.0115366,79,9,4,2677878,"$511,053"
99,2007,3,0.2325374,0.0230093,64,9,4,2677878,"$350,689"
99,2007,4,0.2132101,0.0072296,325,9,4,2677878,"$2,686,827"
99,2008,1,0.2214305,0.0186594,70,9,4,2724901,"$608,614"
99,2008,2,0.2262787,0.0195148,56,9,4,2724901,"$401,084"
99,2008,3,0.2522975,0.029446,63,9,4,2724901,"$439,663"
99,2008,4,0.2463547,0.0079551,311,9,4,2724901,"$2,651,217"
99,2009,1,0.2381062,0.0196449,82,9,4,2735112,"$627,914"
99,2009,2,0.2000839,0.0166884,54,9,4,2735112,"$416,743"
99,2009,3,0.220229,0.0183813,51,9,4,2735112,"$478,961"
99,2009,4,0.2623318,0.0097673,321,9,4,2735112,"$3,555,642"
99,2010,1,0.2614983,0.0209916,70,9,4,2749702,"$466,620"
99,2010,2,0.2380484,0.0206299,56,9,4,2749702,"$665,686"
99,2010,3,0.2318007,0.0185397,59,9,4,2749702,"$405,270"
99,2010,4,0.2976321,0.0095128,308,9,4,2749702,"$4,036,746"